{
  "Accuracy": 0.7079187396351575,
  "Precision": 0.1334738321039691,
  "Recall": 0.5198358413132695,
  "F1 Score": 0.21240916713247623,
  "ROC AUC": 0.6757365808742029
}